session_id,total_interactions,duration_minutes,prevention_rate,deep_thinking_rate,improvement_score,proficiency_level,question_quality,reflection_depth,concept_integration,problem_solving,critical_thinking,scaffolding_effectiveness,engagement_rate,agent_coordination,response_quality,appropriate_selection_rate,socratic_usage_rate,expert_usage_rate,cognitive_usage_rate,test_group,linkography_density,critical_moves,data_quality_score
0bb1d410-484f-4f9d-bd16-851fa8ef9306,3,6,0.19999999999999998,0.3333333333333333,-19.047619047619047,beginner,0.03833333333333334,0.3333333333333333,1.0,0.19999999999999998,0.4444444444444445,0.6999999999999998,0.3333333333333333,0.0,1.0,1.0,0.0,0.3333333333333333,0.0,unknown,4.400657822919446,0,0.85
2f042b32-2ff5-449b-a7be-b3d2993cd27b,5,10,0.24,0.4,-2.8571428571428505,beginner,0.054000000000000006,0.4,1.0,0.24,0.48,0.41999999999999993,0.4,0.0,1.0,1.0,0.0,0.0,0.0,GENERIC_AI,3.764911611602731,0,0.85
4c6d62c5-04ce-4870-afc2-bfe5bfb8e954,8,16,1.0,0.875,191.66666666666669,expert,0.07375,0.875,1.0,1.0,0.8916666666666666,0.25,1.0,1.0,1.0,1.0,0.0,0.0,0.0,MENTOR,5.576669247254081,0,0.85
66c03479-fbc3-4ef8-98ee-d1a36936d997,15,30,0.3333333333333333,0.6666666666666666,50.7936507936508,intermediate,0.06933333333333333,0.6666666666666666,0.6666666666666666,0.3333333333333333,0.5399415600624512,0.7333333333333333,0.6,0.4,0.8666666666666667,0.7333333333333333,0.13333333333333333,0.0,0.0,unknown,0.0,0,0.77
833c4065-db34-4198-a3f7-310dee537175,1,2,0.3,0.5,21.428571428571434,intermediate,0.045,0.5,1.0,0.3,0.5333333333333333,0.0,1.0,0.0,1.0,1.0,0.0,0.0,0.0,unknown,0.5168389678001404,0,0.85
